age,gender,marital_status,breadwinner,num_of_dep,uni_type,academic_spl,final_gpa,job_role,workplace,experience,num_certs,monthly_salary,percentage_of_living_expenses,current_job_role_sat_rate,family_living_abroad,relatives_abroad,friends_it_migrated,plan_to_migrate,primary_reasons_for_migrating,timeframe_planning_to_migrate,preferred_country
32,Male,Unmarried,No,0,Government (State),Computer Science,3.27,Entrepreneur,Beep technologies pvt ltd,8,0,"Below 200,000",40% - 60%,1,No,0,20,Undecided,Not applicable,Not applicable,Not applicable
28,Male,Unmarried,No,4,Government (State),Electronics and Information technology,3.4,QA Engineer / UI/UX Designer,MillenniumIT,2,1,"200,000 - 500,000",40% - 60%,3,No,3,10,Undecided,Not applicable,Not applicable,Not applicable
24,Male,Unmarried,No,2,Private,Computer Science,3,Software Engineer / Developer,LOLC Technologies,4,1,"Below 200,000",My expenditures exceed my income,2,No,0,5,Yes,"Higher Salaries and Better Financial Prospects, Better Employee Benefits, Better Career Opportunities",Needs review,Schengen Countries
30,Female,Married,No,4,Government (State),Computer Science and Industrial Management,3.24,Project Manager,Infor Sri Lanka,3.5,0,"200,000 - 500,000",40% - 60%,5,No,10,8,Undecided,Not applicable,Not applicable,Not applicable
29,Male,Married,No,0,Private,Software Engineering,3.69,Software Engineer / Developer,IFS,5,4,"200,000 - 500,000",61% - 80%,3,No,15,10,Undecided,Not applicable,Not applicable,Not applicable
25,Male,Unmarried,No,0,Private,Software Engineering,3.41,Software Engineer / Developer,Nexeyo Solutions Pvt Ltd,2,0,"Below 200,000",My expenditures exceed my income,3,No,0,0,Undecided,Not applicable,Not applicable,Not applicable
32,Male,Married,No,5,Government (State),Computer Science,3.47,Software Engineer / Developer,Adeona Technologies,7,3,"200,000 - 500,000",Less than 40%,3,No,10,15,No,Not applicable,Not applicable,Not applicable
30,Female,Married,No,2,Government (State),Statistics and Computer Science,3.51,Data Analyst / Business Analyst,Ncr atleos,3,1,"200,000 - 500,000",40% - 60%,3,Yes,7,10,Yes,"Higher Salaries and Better Financial Prospects, Better Employee Benefits, Economic Instability in Sri Lanka, Better Career Opportunities",Within 1 year,Australia
29,Male,Married,Yes,2,Government (State),Computer Science,3.14,AI / Machine Learning Engineer / Data Scientist,Dialog Axiata,7,1,"Below 200,000",40% - 60%,5,No,0,0,No,Not applicable,Not applicable,Not applicable
31,Female,Married,No,1,Private,Software engineering and user experience,2.9,QA Engineer / UI/UX Designer,hSenid business solutions (PVT) ltd,6,2,"200,000 - 500,000",40% - 60%,2,No,0,10,Yes,Better work culture and work life balance,1-2 years,Sweden
25,Female,Unmarried,No,0,Private,Software Engineering,3.3,Software Engineer / Developer,Sanmark Solutions PVT Ltd,4,2,"200,000 - 500,000",Less than 40%,3,Yes,2,3,No,Not applicable,Not applicable,Not applicable
32,Male,Married,Yes,3,Private,Business Information Systems,3.3,IT Support Specialist,The Family Planning Association,5,7,"Below 200,000",61% - 80%,5,No,1,10,No,Not applicable,Not applicable,Not applicable
25,Male,Unmarried,No,0,Government (State),Computer Science & Engineering,3.56,Software Engineer / Developer,jahan.ai,1,2,"200,000 - 500,000",40% - 60%,4,No,10,0,No,Not applicable,Not applicable,Not applicable
26,Female,Married,No,0,Government (State),Computer Science & Engineering,3.72,Software Engineer / Developer,WSO2,1.5,5,"500,000 - 1,000,000",Less than 40%,5,No,5,0,No,Not applicable,Not applicable,Not applicable
34,Male,Married,Yes,3,Government (State),Electronics & Telecommunication Engineering,3.65,Software Engineer / Developer,MillenniumIT,10,3,"500,000 - 1,000,000",81% - 100%,3,No,15,3,Yes,Economic Instability in Sri Lanka,Within 1 year,Netherlands
28,Male,Married,No,0,Private,Software Engineering,3.8,Software Engineer / Developer,Nexeyo Solutions Pvt Ltd,5,1,"200,000 - 500,000",40% - 60%,3,No,0,8,Yes,"Higher Salaries and Better Financial Prospects, Better Employee Benefits, Economic Instability in Sri Lanka",1-2 years,New Zealand
24,Male,Unmarried,No,0,Private,Software Engineering,3.7,Software Engineer / Developer,Nexeyo Solutions Pvt Ltd,1,4,"Below 200,000",My expenditures exceed my income,4,No,0,10,No,Not applicable,Not applicable,Not applicable
30,Male,Married,Yes,1,Private,Software Engineering,2.97,Software Engineer / Developer,IFS,4,1,"200,000 - 500,000",40% - 60%,3,No,1,7,Yes,Masters,Within 1 year,Germany
33,Female,Married,No,1,Government (State),Computer Science,2.8,QA Engineer / UI/UX Designer,OXO Tech Pvt Ltd,7,1,"200,000 - 500,000",61% - 80%,5,Yes,0,5,Yes,"Better Career Opportunities, Family reunion",Not decided,USA
32,Female,Married,No,0,Government (State),Information Systems,2.9,QA Engineer / UI/UX Designer,"Fisher and Paykel Appliances, New Zealand",7,2,"Above 1,000,000",40% - 60%,4,Yes,10,10,Yes,Higher Salaries and Better Financial Prospects,Already migrated,New Zealand
31,Female,Married,No,0,Private,Information Technology,3,Software Engineer / Developer,IFS,10,1,"200,000 - 500,000",My expenditures exceed my income,1,No,0,2,No,Not applicable,Not applicable,Not applicable
54,Male,Married,Yes,2,Private,Network & Cyber Security,2.8,Director General Electronic & Computer Engineering,Sri Lanka Air Force,32,2,"200,000 - 500,000",40% - 60%,5,No,0,10,No,Not applicable,Not applicable,Not applicable
30,Male,Married,No,1,Private,Software Engineering,2.1,Software Engineer / Developer,Hayleys Fentons Limited,6,2,"500,000 - 1,000,000",40% - 60%,3,Yes,2,10,Yes,"Higher Salaries and Better Financial Prospects, Better Employee Benefits, Economic Instability in Sri Lanka",Needs review,Europe
26,Male,Unmarried,No,0,Government (State),Electrical Engineering,3.75,Software Engineer / Developer,Expert Intelligence,1,3,"200,000 - 500,000",Less than 40%,2,No,5,5,No,Not applicable,Not applicable,Not applicable
27,Male,Unmarried,No,0,Private,Software Engineering,3.56,Software Engineer / Developer,Astriv Solutions,1,5,"Below 200,000",Less than 40%,2,No,0,2,Undecided,Not applicable,Not applicable,Not applicable
26,Male,Unmarried,No,2,Government (State),Information Systems,3.66,QA Engineer / UI/UX Designer,Qriomatrix Technologies,2,5,"Below 200,000",40% - 60%,2,No,0,0,Undecided,Not applicable,Not applicable,Not applicable
46,Male,Married,Yes,4,Government (State),BSc (General),1.9,Project Manager,PCS Techno Pvt Ltd,24,2,"200,000 - 500,000",81% - 100%,4,No,12,30,Undecided,Not applicable,Not applicable,Not applicable
27,Female,Unmarried,No,0,Government (State),Information Technology,3.43,Lecturer,Rajarata University of Sri Lanka,0.5,8,"Below 200,000",Less than 40%,4,No,5,0,Undecided,Not applicable,Not applicable,Not applicable
27,Female,Unmarried,Yes,4,Government (State),Information Systems,3.69,Academia,WUSL,1,5,"Below 200,000",81% - 100%,3,Yes,1,0,Yes,Higher Salaries and Better Financial Prospects,Within 1 year,Middle East
27,Female,Unmarried,No,0,Government (State),Information Systems,3.6,Demonstrator,Sabaragamuwa University of Sri Lanka,0.5,1,"Below 200,000",40% - 60%,4,No,16,2,Undecided,Not applicable,Not applicable,Not applicable
27,Male,Unmarried,Yes,2,Government (State),Material Science and Engineering,3.8,Software Engineer / Developer,IGT1,2,0,"200,000 - 500,000",61% - 80%,3,No,10,5,Undecided,Not applicable,Not applicable,Not applicable
28,Male,Married,No,1,Private,Computer Science,2.56,Software Engineer / Developer,Lanka hospital,3,2,"200,000 - 500,000",40% - 60%,3,No,3,10,Yes,"Higher Salaries and Better Financial Prospects, Economic Instability in Sri Lanka",2-3 years,"Australia, Canada, United Kingdom, New Zealand, Ireland"
35,Male,Married,Yes,2,Government (State),Software Engineering,3.56,Software Engineer / Developer,WSO2,6,2,"Below 200,000",40% - 60%,2,Yes,1,6,Yes,Higher Salaries and Better Financial Prospects,1-2 years,United Kingdom
39,Male,Married,Yes,2,Government (State),Computer Science,3.14,Data Analyst / Business Analyst,IFS,10,2,"Below 200,000",40% - 60%,2,Yes,2,11,Yes,Higher Salaries and Better Financial Prospects,Within 1 year,New Zealand
29,Male,Unmarried,No,0,Private,Computer Science,3.45,Data Analyst / Business Analyst,WSO2,5,3,"200,000 - 500,000",40% - 60%,4,No,0,7,No,Not applicable,Not applicable,Not applicable
41,Female,Married,No,3,Government (State),Software Engineering,2.72,Project Manager,John keells IT,15,2,"Below 200,000",40% - 60%,1,Yes,2,12,Yes,Higher Salaries and Better Financial Prospects,Within 1 year,Australia
29,Female,Unmarried,No,0,Government (State),Software Engineering,3.1,Software Engineer / Developer,Nexeyo Solutions Pvt Ltd,5,2,"200,000 - 500,000",40% - 60%,3,Yes,3,11,Yes,Higher Salaries and Better Financial Prospects,1-2 years,United Kingdom
26,Male,Unmarried,No,0,Government (State),Computer Science & Engineering,3.76,AI / Machine Learning Engineer / Data Scientist,Sysco Labs,1,19,"Below 200,000",Less than 40%,4,Yes,2,4,Yes,Higher Salaries and Better Financial Prospects,3-5 years,"Australia, Ireland"
24,Male,Unmarried,No,0,Government (State),Computer Science,3.65,Red Team Engineer,Orel IT,1,6,"Below 200,000",Less than 40%,3,No,0,4,Undecided,Not applicable,Not applicable,Not applicable
28,Male,Unmarried,No,0,Government (State),Computer Science,3.6,Software Engineer / Developer,MillenniumIT,4,5,"Below 200,000",40% - 60%,4,No,3,9,Undecided,Not applicable,Not applicable,Not applicable
48,Male,Married,No,3,Government (State),Information Technology,3.17,Project Manager,CodeGen,23,16,"500,000 - 1,000,000",Less than 40%,4,No,4,20,No,Not applicable,Not applicable,Not applicable
27,Male,Unmarried,No,0,Private,Data Science,3.02,Data Analyst / Business Analyst,MillenniumIT,6,4,"200,000 - 500,000",Less than 40%,4,No,3,10,Yes,"Higher Salaries and Better Financial Prospects, Better Career Opportunities",2-3 years,"Australia, Canada, Germany"
31,Male,Married,No,3,Government (State),Data Science and Analytics,3.72,AI / Machine Learning Engineer / Data Scientist,Octave,5,3,"200,000 - 500,000",61% - 80%,4,No,3,12,Undecided,Not applicable,Not applicable,Not applicable
26,Male,Unmarried,Yes,3,Government (State),Computer Science,3.7,Software Engineer / Developer,IFS,1,20,"200,000 - 500,000",40% - 60%,5,No,0,5,Yes,Higher Salaries and Better Financial Prospects,1-2 years,"Australia, Canada, United Kingdom, New Zealand"
25,Male,Unmarried,Yes,3,Government (State),Computer Science,3.9,DevOps / Cloud Engineer / Cybersecurity Professional,Codmite,1,4,"Below 200,000",61% - 80%,4,No,0,7,Yes,Better Career Opportunities,3-5 years,"Australia, Canada, New Zealand, Singapore"
30,Male,Unmarried,No,0,Government (State),Bachelor's,,Software Engineer / Developer,Sysco Labs,6,0,"200,000 - 500,000",40% - 60%,5,No,1,100,Yes,Higher Salaries and Better Financial Prospects,Within 1 year,"Australia, United Kingdom, New Zealand, Germany"
23,Female,Unmarried,No,3,Government (State),Logistics Management,3.2,Data Analyst / Business Analyst,Private company,2,0,"Below 200,000",61% - 80%,3,No,0,5,Undecided,Not applicable,Not applicable,Not applicable
25,Male,Unmarried,No,0,Private,Network Engineering,3,System Engineer / Network Engineer,Nations Trust Bank,1,2,"Below 200,000",Less than 40%,4,Yes,4,8,Undecided,Not applicable,Not applicable,Not applicable
28,Male,Unmarried,No,2,Government (State),Computer Science,3.8,DevOps / Cloud Engineer / Cybersecurity Professional,IFS,3,12,"500,000 - 1,000,000",40% - 60%,5,No,0,8,No,Not applicable,Not applicable,Not applicable
35,Female,Married,Yes,3,Private,Software Engineering,3.5,QA Engineer / UI/UX Designer,Codmite,8,6,"200,000 - 500,000",61% - 80%,4,Yes,6,10,Yes,"Higher Salaries and Better Financial Prospects, Better Career Opportunities",2-3 years,"Australia, Canada, United Kingdom, New Zealand"
27,Female,Unmarried,No,0,Private,Computer Engineering,3.83,System Engineer / Network Engineer,EWIS Solutions,6,4,"Below 200,000",Less than 40%,3,Yes,4,11,Yes,"Higher Salaries and Better Financial Prospects, Better Career Opportunities",2-3 years,"Canada, Germany, USA"
24,Female,Unmarried,No,0,Private,Data Science,3.91,Data Analyst / Business Analyst,MillenniumIT,2,8,"Below 200,000",Less than 40%,4,No,2,5,Undecided,Not applicable,Not applicable,Not applicable
41,Male,Married,Yes,3,Private,Software Engineering,3.2,Software Engineer / Developer,WSO2,18,12,"500,000 - 1,000,000",40% - 60%,4,No,7,15,No,Not applicable,Not applicable,Not applicable
34,Female,Married,No,1,Private,Information Systems,3.1,Project Coordinator,EWIS Solutions,10,4,"200,000 - 500,000",Less than 40%,4,No,2,5,Undecided,Not applicable,Not applicable,Not applicable
23,Female,Unmarried,No,0,Private,Network & Cyber Security,3.7,DevOps / Cloud Engineer / Cybersecurity Professional,EWIS Solutions,1,6,"Below 200,000",Less than 40%,2,Yes,10,6,Yes,"Higher Salaries and Better Financial Prospects, Economic Instability in Sri Lanka, Better Career Opportunities",1-2 years,Australia
26,Female,Unmarried,No,0,Private,Network & Cyber Security,3.5,DevOps / Cloud Engineer / Cybersecurity Professional,EWIS Solutions,3,8,"Below 200,000",Less than 40%,2,Yes,7,4,Yes,"Higher Salaries and Better Financial Prospects, Better Career Opportunities, Masters degree completion",Within 1 year,Canada
51,Male,Married,Yes,4,Private,Information Systems,2.9,Project Manager,EWIS Solutions,27,18,"500,000 - 1,000,000",40% - 60%,4,No,3,14,No,Not applicable,Not applicable,Not applicable
21,Male,Unmarried,No,0,Government (State),Mechanical Engineering,4,Mechanical Engineering,Mclaren,2,2,"Above 1,000,000",40% - 60%,4,Yes,5,0,No,Not applicable,Not applicable,Not applicable
31,Male,Unmarried,No,1,Government (State),Computer Science & Engineering,2,DevOps / Cloud Engineer / Cybersecurity Professional,IFS,6,2,"200,000 - 500,000",My expenditures exceed my income,2,Yes,1,0,Undecided,Not applicable,Not applicable,Not applicable
28,Prefer not to say,Married,Yes,3,Government (State),Electronics & Telecommunication Engineering,3.6,AI / Machine Learning Engineer / Data Scientist,WSO2,2,4,"200,000 - 500,000",61% - 80%,5,Yes,2,4,Yes,"Higher Salaries and Better Financial Prospects, Better Employee Benefits",3-5 years,"Canada, United Kingdom, Germany"
43,Male,Married,Yes,2,Private,Information Technology,3.1,Full Stack Developer,Freelancing,15,12,"200,000 - 500,000",Less than 40%,5,No,0,14,Undecided,Not applicable,Not applicable,Not applicable
33,Female,Married,No,0,Private,Data Engineering,3.52,Data Analyst / Business Analyst,Orel IT,5,7,"Below 200,000",61% - 80%,4,No,4,3,Yes,Better Career Opportunities,2-3 years,"Australia, Canada, United Kingdom"
25,Male,Unmarried,No,0,Private,Network Engineering,2.87,Trainee Network Engineer,HCL tech,1,2,"Below 200,000",My expenditures exceed my income,3,Yes,2,0,Yes,"Higher Salaries and Better Financial Prospects, Better Career Opportunities",Within 1 year,"Australia, Canada, United Kingdom, New Zealand, Singapore, Netherlands, Ireland"
38,Male,Married,Yes,5,Government (State),Information Technology,3.5,Project Manager,IFS,12,0,"200,000 - 500,000",81% - 100%,5,No,5,3,Yes,Lifestyle,Not decided,"Australia, Canada, United Kingdom, New Zealand"
29,Male,Unmarried,No,0,Private,Diploma,2,Computer Hardware Specialist,Nanotek Computer Solutions,5,5,"Below 200,000",Less than 40%,5,No,13,5,Undecided,Not applicable,Not applicable,Not applicable
22,Female,Unmarried,No,1,Private,Undergraduate,2.92,Software Engineer / Developer,Ts technologies pvt ltd,2,3,"Below 200,000",Less than 40%,5,No,4,2,Undecided,Not applicable,Not applicable,Not applicable
26,Female,Unmarried,No,0,Government (State),Computer Science,3.22,Software Engineer / Developer,NCINGA,3,7,"Below 200,000",40% - 60%,3,No,8,5,Yes,"Higher Salaries and Better Financial Prospects, Better Career Opportunities",1-2 years,"Australia, Canada, New Zealand"
23,Male,Unmarried,No,0,Government (State),Computer Science,3.7,DevOps / Cloud Engineer / Cybersecurity Professional,WSO2,1,4,"200,000 - 500,000",40% - 60%,4,No,2,4,Yes,Higher Salaries and Better Financial Prospects,Condition-based,New Zealand
31,Male,Married,No,1,Government (State),IT & Management,3.44,Data Analyst / Business Analyst,NCINGA,6,8,"200,000 - 500,000",40% - 60%,4,No,4,5,Yes,"Higher Salaries and Better Financial Prospects, Better Employee Benefits, Better Career Opportunities",2-3 years,USA
24,Male,Unmarried,No,0,Government (State),Computer Science & Engineering,3.74,AI / Machine Learning Engineer / Data Scientist,Intern in fcode labs,1,7,"Below 200,000",Less than 40%,3,No,3,2,Yes,Higher Salaries and Better Financial Prospects,Condition-based,Ireland
21,Male,Unmarried,No,0,Government (State),Computer Science & Engineering,3.2,Project Coordinator,WSO2,1,2,"Below 200,000",40% - 60%,3,No,0,10,Yes,"Higher Salaries and Better Financial Prospects, Better Employee Benefits, Economic Instability in Sri Lanka, Better Career Opportunities",Not decided,Australia
38,Male,Married,No,2,Private,Data Science,3.01,Project Manager,NCINGA,13,3,"200,000 - 500,000",40% - 60%,4,No,8,15,Undecided,Not applicable,Not applicable,Not applicable
22,Male,Unmarried,No,0,Government (State),Computer Science & Engineering,3.4,Software Engineer / Developer,IFS,1,4,"Below 200,000",40% - 60%,3,No,0,2,Yes,Higher Salaries and Better Financial Prospects,1-2 years,"Australia, Canada"
23,Prefer not to say,Unmarried,No,0,Private,Information Technology,3.4,Data Analyst / Business Analyst,Codemate,0.5,2,"Below 200,000",61% - 80%,4,Yes,6,12,Yes,"Economic Instability in Sri Lanka, Better Career Opportunities",3-5 years,"United Kingdom, Germany, Singapore"
31,Female,Married,Yes,6,Government (State),Artificial Intelligence,3.97,AI / Machine Learning Engineer / Data Scientist,Nokia in Finland,6,27,"500,000 - 1,000,000",61% - 80%,5,Yes,8,10,Yes,Higher Salaries and Better Financial Prospects,Already migrated,Finland
51,Male,Married,No,2,Private,Cybersecurity,3.25,Security Operations Center Specialist,Ports authority of Sri Lanka,25,15,"500,000 - 1,000,000",Less than 40%,4,No,6,10,No,Not applicable,Not applicable,Not applicable
41,Female,Married,No,1,Government (State),Electronics & Telecommunication Engineering,3.2,Project Manager,Rootcode,12,3,"500,000 - 1,000,000",61% - 80%,4,Yes,4,12,No,Not applicable,Not applicable,Not applicable
27,Male,Married,No,3,Government (State),Software Engineering,3.2,Software Engineer / Developer,CodeGen,3,14,"200,000 - 500,000",40% - 60%,4,Yes,5,8,Yes,Better Career Opportunities,Condition-based,Germany
29,Female,Unmarried,Yes,3,Government (State),Computer Science,3.7,Project Manager,Orel it,4,4,"200,000 - 500,000",40% - 60%,5,Yes,2,3,Yes,"Higher Salaries and Better Financial Prospects, Better Employee Benefits, Economic Instability in Sri Lanka",1-2 years,"United Kingdom, Germany"
19,Male,Unmarried,No,0,Private,Software Engineering,3.22,Software Engineer / Developer,private company,2,12,"Below 200,000",Less than 40%,3,No,0,0,Yes,Better Career Opportunities,3-5 years,New Zealand
22,Female,Unmarried,No,0,Government (State),Artificial Intelligence,3.76,AI / Machine Learning Engineer / Data Scientist,Orel IT,2,3,"200,000 - 500,000",61% - 80%,4,No,10,4,No,Not applicable,Not applicable,Not applicable
23,Female,Unmarried,No,0,Private,Information Technology,3.66,QA Engineer / UI/UX Designer,iXD Labs,1,4,"Below 200,000",Less than 40%,3,No,6,2,Undecided,Not applicable,Not applicable,Not applicable
35,Female,Married,No,3,Government (State),Computer Science,2.75,Project Coordinator,IFS,7,2,"Below 200,000",40% - 60%,2,No,0,5,Undecided,Not applicable,Not applicable,Not applicable
46,Male,Married,Yes,4,Private,Information Technology,3.12,AI / Machine Learning Engineer / Data Scientist,WSO2,19,3,"200,000 - 500,000",61% - 80%,3,Yes,1,6,Undecided,Not applicable,Not applicable,Not applicable
25,Male,Unmarried,No,0,Government (State),Information Systems,2.94,System Engineer / Network Engineer,iXD Labs,3,3,"Below 200,000",40% - 60%,2,Yes,5,6,Yes,"Higher Salaries and Better Financial Prospects, Economic Instability in Sri Lanka, Better Career Opportunities",1-2 years,"Australia, Canada, New Zealand, Germany"
30,Male,Unmarried,Yes,0,Government (State),Software Engineering,3,Software Engineer / Developer,Creative software,5,2,"Below 200,000",40% - 60%,3,No,3,6,Yes,Higher Salaries and Better Financial Prospects,Within 1 year,Australia
42,Male,Married,Yes,4,Government (State),Computer Science & Engineering,3.2,DevOps / Cloud Engineer / Cybersecurity Professional,MillenniumIT,25,3,"500,000 - 1,000,000",61% - 80%,5,Yes,6,4,No,Not applicable,Not applicable,Not applicable
26,Male,Unmarried,No,0,Private,Software Engineering,3.65,Software Engineer / Developer,WSO2,0.5,1,"Below 200,000",Less than 40%,3,Yes,1,2,Yes,Higher Salaries and Better Financial Prospects,1-2 years,"Australia, Singapore"
29,Male,Married,Yes,1,Government (State),Computer Science,3.69,Project Coordinator,Private sector,8,15,"200,000 - 500,000",40% - 60%,4,Yes,2,2,No,Not applicable,Not applicable,Not applicable
36,Male,Married,Yes,5,Government (State),Computer Science,3.87,DevOps / Cloud Engineer / Cybersecurity Professional,Virtusa,8,7,"Above 1,000,000",40% - 60%,5,No,4,3,No,Not applicable,Not applicable,Not applicable
27,Female,Unmarried,No,0,Private,Computer Science,3.32,Data Analyst / Business Analyst,IFS,5,1,"Below 200,000",Less than 40%,3,Yes,2,9,Yes,Higher Salaries and Better Financial Prospects,3-5 years,"Australia, United Kingdom, New Zealand"
28,Female,Unmarried,No,0,Government (State),Software Engineering,2.9,Software Engineer / Developer,Epic Technology,1,1,"Below 200,000",Less than 40%,2,Yes,10,7,Yes,Higher Salaries and Better Financial Prospects,2-3 years,Singapore
32,Male,Married,No,2,Government (State),Data Analysis,3.4,Data Analyst / Business Analyst,IFS,7,2,"500,000 - 1,000,000",61% - 80%,4,No,5,12,Undecided,Not applicable,Not applicable,Not applicable
20,Male,Unmarried,No,0,Government (State),Computer Science & Engineering,3.94,Software Specialist,WSO2,1,6,"Below 200,000",Less than 40%,4,No,4,1,Undecided,Not applicable,Not applicable,Not applicable
25,Female,Married,No,2,Private,Computer Science,3.74,Project Manager,IFS,2,13,"200,000 - 500,000",61% - 80%,4,Yes,3,10,No,Not applicable,Not applicable,Not applicable
28,Female,Unmarried,No,0,Private,Computer Science,3.1,Data Analyst / Business Analyst,Roar AI,2,5,"Below 200,000",61% - 80%,4,No,7,10,Yes,"Higher Salaries and Better Financial Prospects, Better Employee Benefits",1-2 years,"Australia, United Kingdom, Germany"
